call_id,caller_msisdn,receiver_msisdn,timestamp,duration_sec,call_type,cell_tower_id
CDR1001,+919811010001,+919811010002,2026-03-01T14:22:10Z,420,VOICE,TOWER_CP_01
CDR1002,+919811010002,+919811010001,2026-03-02T16:45:00Z,185,VOICE,TOWER_CHANDNI_04
CDR1003,+919811010001,+919811010002,2026-03-05T11:10:30Z,310,VOICE,TOWER_CP_01
CDR1004,+919811010002,+919811010001,2026-03-08T09:30:15Z,240,VOICE,TOWER_CHANDNI_04
CDR1005,+919811010001,+919811010002,2026-03-11T20:15:00Z,512,VOICE,TOWER_CP_01
CDR1006,+919811010001,+919811010005,2026-03-01T10:05:00Z,340,VOICE,TOWER_CP_01
CDR1007,+919811010005,+919811010001,2026-03-04T15:20:12Z,210,VOICE,TOWER_BARAKHAMBA_02
CDR1008,+919811010001,+919811010005,2026-03-09T18:00:00Z,490,VOICE,TOWER_CP_01
CDR1009,+919811010005,+919811010001,2026-03-12T12:45:30Z,160,VOICE,TOWER_OKHLA_03
CDR1010,+919811010001,+919811010004,2026-03-03T23:55:00Z,95,VOICE,TOWER_AEROCITY_09
CDR1011,+919811010004,+919811010001,2026-03-10T02:15:10Z,120,VOICE,TOWER_AEROCITY_09
CDR1012,+919811010002,+919811010005,2026-03-02T18:10:00Z,310,VOICE,TOWER_CHANDNI_04
CDR1013,+919811010005,+919811010002,2026-03-06T14:40:00Z,280,VOICE,TOWER_BARAKHAMBA_02
CDR1014,+919811010002,+919811010005,2026-03-10T19:25:00Z,415,VOICE,TOWER_CHANDNI_04
CDR1015,+919811010004,+919811010003,2026-03-02T22:15:00Z,180,VOICE,TOWER_AEROCITY_09
CDR1016,+919811010003,+919811010004,2026-03-03T01:30:00Z,95,VOICE,TOWER_OKHLA_03
CDR1017,+919811010004,+919811010003,2026-03-07T23:10:00Z,210,VOICE,TOWER_AEROCITY_09
CDR1018,+919811010003,+919811010004,2026-03-10T00:45:00Z,140,VOICE,TOWER_OKHLA_03
CDR1019,+919811010003,+919811010006,2026-02-11T19:10:00Z,320,VOICE,TOWER_OKHLA_03
CDR1020,+919811010006,+919811010003,2026-02-12T14:05:00Z,190,VOICE,TOWER_SINGHU_01
CDR1021,+919811010003,+919811010006,2026-02-12T20:45:00Z,410,VOICE,TOWER_OKHLA_03
CDR1022,+919811010006,+919811010003,2026-02-12T22:30:10Z,65,VOICE,TOWER_SINGHU_01
CDR1023,+919811010003,+919811010007,2026-03-08T11:20:00Z,175,VOICE,TOWER_OKHLA_03
CDR1024,+919811010007,+919811010003,2026-03-09T16:30:00Z,220,VOICE,TOWER_NOIDA_05
CDR1025,+919811010003,+919811010007,2026-03-12T01:50:00Z,95,VOICE,TOWER_OKHLA_03
CDR1026,+919811010003,+919811010008,2026-03-04T08:15:00Z,150,VOICE,TOWER_OKHLA_03
CDR1027,+919811010008,+919811010003,2026-03-06T19:40:00Z,280,VOICE,TOWER_GHAZIABAD_02
CDR1028,+919811010004,+919811010009,2026-03-05T22:10:00Z,130,VOICE,TOWER_AEROCITY_09
CDR1029,+919811010009,+919811010004,2026-03-09T01:25:00Z,185,VOICE,TOWER_MEHRAULI_01
CDR1030,+919811010002,+919811010010,2026-03-03T11:00:00Z,240,VOICE,TOWER_CHANDNI_04
CDR1031,+919811010010,+919811010002,2026-03-07T15:30:00Z,310,VOICE,TOWER_CHANDNI_04
CDR1032,+919811010002,+919811010010,2026-03-11T17:45:00Z,190,VOICE,TOWER_CHANDNI_04
CDR1033,+919811010006,+919811010007,2026-02-10T14:15:00Z,115,VOICE,TOWER_OKHLA_03
CDR1034,+919811010007,+919811010008,2026-03-08T18:22:00Z,90,VOICE,TOWER_NOIDA_05
CDR1035,+919811010008,+919811010009,2026-03-07T12:05:00Z,145,VOICE,TOWER_GHAZIABAD_02
CDR1036,+919811010009,+919811010010,2026-03-06T16:50:00Z,210,VOICE,TOWER_MEHRAULI_01
CDR1037,+919811010002,+919811010003,2026-03-10T21:40:00Z,350,VOICE,TOWER_CHANDNI_04
CDR1038,+919811010003,+919811010002,2026-03-11T10:15:00Z,195,VOICE,TOWER_OKHLA_03
CDR1039,+919811010005,+919811010003,2026-03-11T16:20:00Z,230,VOICE,TOWER_BARAKHAMBA_02
CDR1040,+919811010004,+919811010007,2026-03-12T00:15:00Z,110,VOICE,TOWER_AEROCITY_09
CDR1041,+919811010007,+919811010002,2026-03-10T00:03:00Z,407,VOICE,TOWER_SECTOR_02
CDR1042,+919811010001,+919811010003,2026-03-10T05:06:00Z,74,VOICE,TOWER_SECTOR_03
CDR1043,+919811010002,+919811010004,2026-03-10T10:09:00Z,91,VOICE,TOWER_SECTOR_04
CDR1044,+919811010003,+919811010005,2026-03-10T15:12:00Z,108,VOICE,TOWER_SECTOR_05
CDR1045,+919811010004,+919811010006,2026-03-10T20:15:00Z,125,VOICE,TOWER_SECTOR_06
CDR1046,+919811010005,+919811010007,2026-03-11T01:18:00Z,142,VOICE,TOWER_SECTOR_07
CDR1047,+919811010006,+919811010001,2026-03-11T06:21:00Z,159,VOICE,TOWER_SECTOR_08
CDR1048,+919811010007,+919811010002,2026-03-11T11:24:00Z,176,VOICE,TOWER_SECTOR_01
CDR1049,+919811010001,+919811010003,2026-03-11T16:27:00Z,193,VOICE,TOWER_SECTOR_02
CDR1050,+919811010002,+919811010004,2026-03-11T21:30:00Z,210,VOICE,TOWER_SECTOR_03
CDR1051,+919811010003,+919811010005,2026-03-12T02:33:00Z,227,VOICE,TOWER_SECTOR_04
CDR1052,+919811010004,+919811010006,2026-03-12T07:36:00Z,244,VOICE,TOWER_SECTOR_05
CDR1053,+919811010005,+919811010007,2026-03-12T12:39:00Z,261,VOICE,TOWER_SECTOR_06
CDR1054,+919811010006,+919811010001,2026-03-12T17:42:00Z,278,VOICE,TOWER_SECTOR_07
CDR1055,+919811010007,+919811010002,2026-03-12T22:45:00Z,295,VOICE,TOWER_SECTOR_08
CDR1056,+919811010001,+919811010003,2026-03-13T03:48:00Z,312,VOICE,TOWER_SECTOR_01
CDR1057,+919811010002,+919811010004,2026-03-13T08:51:00Z,329,VOICE,TOWER_SECTOR_02
CDR1058,+919811010003,+919811010005,2026-03-13T13:54:00Z,346,VOICE,TOWER_SECTOR_03
CDR1059,+919811010004,+919811010006,2026-03-13T18:57:00Z,363,VOICE,TOWER_SECTOR_04
CDR1060,+919811010005,+919811010007,2026-03-14T00:00:00Z,380,VOICE,TOWER_SECTOR_05
CDR1061,+919811010006,+919811010001,2026-03-14T05:03:00Z,397,VOICE,TOWER_SECTOR_06
CDR1062,+919811010007,+919811010002,2026-03-14T10:06:00Z,64,VOICE,TOWER_SECTOR_07
CDR1063,+919811010001,+919811010003,2026-03-14T15:09:00Z,81,VOICE,TOWER_SECTOR_08
CDR1064,+919811010002,+919811010004,2026-03-14T20:12:00Z,98,VOICE,TOWER_SECTOR_01
