transaction_id,sender_account,receiver_account,amount,currency,timestamp,payment_channel,reference_note
TX1001,ACC-CASH-POOL,ACC-ASTRA-7701,195000,INR,2026-02-15T11:20:00Z,CASH_DEPOSIT,Freight retainer cash branch 01
TX1002,ACC-CASH-POOL,ACC-ASTRA-7701,195000,INR,2026-02-16T14:10:00Z,CASH_DEPOSIT,Freight retainer cash branch 04
TX1003,ACC-CASH-POOL,ACC-ASTRA-7701,190000,INR,2026-02-18T10:45:00Z,CASH_DEPOSIT,Transport advance invoice #881
TX1004,ACC-CASH-POOL,ACC-ASTRA-7701,195000,INR,2026-02-20T16:30:00Z,CASH_DEPOSIT,Fleet maintenance fund cash
TX1005,ACC-CASH-POOL,ACC-ASTRA-7701,185000,INR,2026-02-22T12:15:00Z,CASH_DEPOSIT,Depot transit cash
TX1006,ACC-ASTRA-7701,ACC-SHEIKH-4401,850000,INR,2026-02-25T11:00:00Z,RTGS,Subcontractor logistics settlement
TX1007,ACC-ASTRA-7701,ACC-SHEIKH-4401,1200000,INR,2026-03-01T15:30:00Z,RTGS,Fuel and overland transport clearing
TX1008,ACC-ASTRA-7701,ACC-SHEIKH-4401,950000,INR,2026-03-06T10:15:00Z,NEFT,Invoice #4401 settlement
TX1009,ACC-SHEIKH-4401,ACC-SINGH-9901,1500000,INR,2026-03-03T16:45:00Z,IMPS,Private dividend distribution
TX1010,ACC-SHEIKH-4401,ACC-SINGH-9901,2200000,INR,2026-03-08T14:20:00Z,RTGS,Consulting fee Singhania Trust
TX1011,ACC-SHEIKH-4401,ACC-OFFSHORE-01,3500000,INR,2026-03-10T11:50:00Z,SWIFT,Trade financing Trident Holdings
TX1012,ACC-ASTRA-7701,ACC-ANITA-5501,450000,INR,2026-02-28T18:00:00Z,NEFT,Director management remuneration
TX1013,ACC-ASTRA-7701,ACC-ANITA-5501,600000,INR,2026-03-12T17:15:00Z,NEFT,Executive quarterly bonus
TX1014,ACC-ASTRA-7701,ACC-RAJESH-3301,250000,INR,2026-02-10T09:30:00Z,NEFT,Fleet operational petty cash
TX1015,ACC-ASTRA-7701,ACC-RAJESH-3301,300000,INR,2026-03-05T10:00:00Z,NEFT,Warehouse rental and security
TX1016,ACC-RAJESH-3301,ACC-RUNNER-01,50000,INR,2026-02-12T08:00:00Z,UPI,Inter-state delivery advance
TX1017,ACC-RAJESH-3301,ACC-RUNNER-02,35000,INR,2026-03-09T14:00:00Z,UPI,Parcel courier fee
TX1018,ACC-RAJESH-3301,ACC-DEEPAK-08,40000,INR,2026-03-04T12:30:00Z,UPI,Heavy transport diesel allowance
TX1019,ACC-SHEIKH-4401,ACC-SUB-4,281500,INR,2026-02-20T07:00:00Z,RTGS,Settlement ledger tranche #19
TX1020,ACC-ASTRA-7701,ACC-SUB-0,295000,INR,2026-02-21T08:00:00Z,RTGS,Settlement ledger tranche #20
TX1021,ACC-SHEIKH-4401,ACC-SINGH-9901,308500,INR,2026-02-22T09:00:00Z,RTGS,Settlement ledger tranche #21
TX1022,ACC-ASTRA-7701,ACC-SUB-2,322000,INR,2026-02-23T10:00:00Z,RTGS,Settlement ledger tranche #22
TX1023,ACC-SHEIKH-4401,ACC-SUB-3,335500,INR,2026-02-24T11:00:00Z,RTGS,Settlement ledger tranche #23
TX1024,ACC-ASTRA-7701,ACC-SINGH-9901,349000,INR,2026-02-25T00:00:00Z,RTGS,Settlement ledger tranche #24
TX1025,ACC-SHEIKH-4401,ACC-SUB-0,362500,INR,2026-02-26T01:00:00Z,RTGS,Settlement ledger tranche #25
TX1026,ACC-ASTRA-7701,ACC-SUB-1,376000,INR,2026-02-27T02:00:00Z,RTGS,Settlement ledger tranche #26
TX1027,ACC-SHEIKH-4401,ACC-SINGH-9901,389500,INR,2026-02-28T03:00:00Z,RTGS,Settlement ledger tranche #27
TX1028,ACC-ASTRA-7701,ACC-SUB-3,403000,INR,2026-03-01T04:00:00Z,RTGS,Settlement ledger tranche #28
TX1029,ACC-SHEIKH-4401,ACC-SUB-4,416500,INR,2026-03-02T05:00:00Z,RTGS,Settlement ledger tranche #29
TX1030,ACC-ASTRA-7701,ACC-SINGH-9901,430000,INR,2026-03-03T06:00:00Z,RTGS,Settlement ledger tranche #30
TX1031,ACC-SHEIKH-4401,ACC-SUB-1,443500,INR,2026-03-04T07:00:00Z,RTGS,Settlement ledger tranche #31
TX1032,ACC-ASTRA-7701,ACC-SUB-2,457000,INR,2026-03-05T08:00:00Z,RTGS,Settlement ledger tranche #32
TX1033,ACC-SHEIKH-4401,ACC-SINGH-9901,470500,INR,2026-03-06T09:00:00Z,RTGS,Settlement ledger tranche #33
TX1034,ACC-ASTRA-7701,ACC-SUB-4,34000,INR,2026-03-07T10:00:00Z,RTGS,Settlement ledger tranche #34
TX1035,ACC-SHEIKH-4401,ACC-SUB-0,47500,INR,2026-03-08T11:00:00Z,RTGS,Settlement ledger tranche #35
TX1036,ACC-ASTRA-7701,ACC-SINGH-9901,61000,INR,2026-03-09T00:00:00Z,RTGS,Settlement ledger tranche #36
TX1037,ACC-SHEIKH-4401,ACC-SUB-2,74500,INR,2026-03-10T01:00:00Z,RTGS,Settlement ledger tranche #37
TX1038,ACC-ASTRA-7701,ACC-SUB-3,88000,INR,2026-02-01T02:00:00Z,RTGS,Settlement ledger tranche #38
TX1039,ACC-SHEIKH-4401,ACC-SINGH-9901,101500,INR,2026-02-02T03:00:00Z,RTGS,Settlement ledger tranche #39
TX1040,ACC-ASTRA-7701,ACC-SUB-0,115000,INR,2026-02-03T04:00:00Z,RTGS,Settlement ledger tranche #40
TX1041,ACC-SHEIKH-4401,ACC-SUB-1,128500,INR,2026-02-04T05:00:00Z,RTGS,Settlement ledger tranche #41
TX1042,ACC-ASTRA-7701,ACC-SINGH-9901,142000,INR,2026-02-05T06:00:00Z,RTGS,Settlement ledger tranche #42
TX1043,ACC-SHEIKH-4401,ACC-SUB-3,155500,INR,2026-02-06T07:00:00Z,RTGS,Settlement ledger tranche #43
TX1044,ACC-ASTRA-7701,ACC-SUB-4,169000,INR,2026-02-07T08:00:00Z,RTGS,Settlement ledger tranche #44
TX1045,ACC-SHEIKH-4401,ACC-SINGH-9901,182500,INR,2026-02-08T09:00:00Z,RTGS,Settlement ledger tranche #45
TX1046,ACC-ASTRA-7701,ACC-SUB-1,196000,INR,2026-02-09T10:00:00Z,RTGS,Settlement ledger tranche #46
TX1047,ACC-SHEIKH-4401,ACC-SUB-2,209500,INR,2026-02-10T11:00:00Z,RTGS,Settlement ledger tranche #47
TX1048,ACC-ASTRA-7701,ACC-SINGH-9901,223000,INR,2026-02-11T00:00:00Z,RTGS,Settlement ledger tranche #48
TX1049,ACC-SHEIKH-4401,ACC-SUB-4,236500,INR,2026-02-12T01:00:00Z,RTGS,Settlement ledger tranche #49
TX1050,ACC-ASTRA-7701,ACC-SUB-0,250000,INR,2026-02-13T02:00:00Z,RTGS,Settlement ledger tranche #50
TX1051,ACC-SHEIKH-4401,ACC-SINGH-9901,263500,INR,2026-02-14T03:00:00Z,RTGS,Settlement ledger tranche #51
